Name,Joining Date,Email Address,Department,Monthly Salary
Anu,02/05/23,anu@gmail.com,mba,10000
Basil,23/06/23,basil@gmail.com,mca,15000
chinnu,21/07/23,chinnu@gmail.com,mba,18000
dhanas,25/08/23,dhanas@gmail.com,mca,20000
Eli,18/09/23,eli@gmail.com,mba,22000
fidha,20/10/23,fidha@gmail.com,mba,22000
gopika,18/09/23,gopika@gmail.com,mca,22000
hanna,29/04/23,hanna@gmail.com,mba,25000
priya,18/09/23,priyaya@gmail.com,mca,28000
varsha,18/09/23,varsha@gmail.com,mca,29000
